timestamp,open,high,low,close,volume
2023-08-07 06:30:00,29091.52,29097.23,29050.77,29052.0,402.66822
2023-08-07 07:00:00,29052.0,29110.57,29051.99,29084.01,388.71644
2023-08-07 07:30:00,29084.0,29094.1,29064.3,29094.09,367.45348
2023-08-07 08:00:00,29094.09,29094.1,29068.6,29068.61,408.36744
2023-08-07 08:30:00,29068.6,29076.0,29056.0,29063.01,292.40413
2023-08-07 09:00:00,29063.0,29080.0,29045.14,29078.01,395.75355
2023-08-07 09:30:00,29078.01,29095.88,29078.0,29092.01,558.38476
2023-08-07 10:00:00,29092.0,29092.01,29085.2,29087.47,233.02711
2023-08-07 10:30:00,29087.47,29153.86,29087.47,29143.23,508.89837
2023-08-07 11:00:00,29143.23,29143.23,29098.95,29098.96,222.6241
2023-08-07 11:30:00,29098.95,29098.96,29088.18,29091.44,251.49679
2023-08-07 12:00:00,29091.44,29094.6,29034.78,29038.74,681.51049
2023-08-07 12:30:00,29038.74,29150.0,29036.85,29079.25,753.96691
2023-08-07 13:00:00,29079.25,29089.9,29043.39,29067.99,569.0713
2023-08-07 13:30:00,29067.99,29088.0,29030.0,29030.51,698.81022
2023-08-07 14:00:00,29030.5,29074.56,28991.0,29000.0,887.13095
2023-08-07 14:30:00,28999.99,29071.97,28964.65,29023.99,827.82097
2023-08-07 15:00:00,29024.0,29027.07,28913.22,28932.0,1198.23264
2023-08-07 15:30:00,28931.99,28942.62,28788.73,28858.44,2426.36554
2023-08-07 16:00:00,28858.45,28945.81,28701.03,28924.01,2645.2262
2023-08-07 16:30:00,28924.01,28976.04,28854.2,28938.0,1100.05566
2023-08-07 17:00:00,28937.99,28989.99,28886.0,28905.81,1082.49271
2023-08-07 17:30:00,28905.81,28981.6,28868.0,28981.32,813.3024
2023-08-07 18:00:00,28981.31,29182.0,28973.03,29145.41,1767.05527
2023-08-07 18:30:00,29145.42,29186.74,29076.4,29094.43,1318.25654
2023-08-07 19:00:00,29094.42,29116.51,29050.78,29057.0,887.17284
2023-08-07 19:30:00,29057.0,29154.92,29054.0,29154.91,603.44054
2023-08-07 20:00:00,29154.91,29174.75,29121.12,29146.01,565.95015
2023-08-07 20:30:00,29146.01,29199.0,29142.0,29198.99,313.12738
2023-08-07 21:00:00,29199.0,29276.78,29135.82,29276.78,916.62725
2023-08-07 21:30:00,29276.78,29276.78,29172.82,29196.42,284.39558
2023-08-07 22:00:00,29196.42,29205.0,29165.9,29169.8,409.60346
2023-08-07 22:30:00,29169.8,29200.63,29169.79,29181.18,260.73978
2023-08-07 23:00:00,29181.19,29189.78,29163.48,29177.38,177.76936
2023-08-07 23:30:00,29177.39,29216.0,29171.89,29211.06,287.00912
2023-08-08 00:00:00,29211.06,29228.52,29193.9,29195.37,382.03975
2023-08-08 00:30:00,29195.36,29260.1,29187.35,29260.1,311.00661
2023-08-08 01:00:00,29260.09,29260.1,29181.18,29181.19,374.67347
2023-08-08 01:30:00,29181.18,29181.79,29147.38,29151.86,362.93299
2023-08-08 02:00:00,29151.85,29187.98,29146.45,29186.56,224.00833
2023-08-08 02:30:00,29186.55,29205.05,29166.04,29173.04,222.90062
2023-08-08 03:00:00,29173.03,29208.14,29173.03,29201.58,391.61127
2023-08-08 03:30:00,29201.57,29208.32,29194.88,29195.08,344.64074
2023-08-08 04:00:00,29195.09,29209.97,29181.81,29209.96,278.98615
2023-08-08 04:30:00,29209.96,29233.0,29209.95,29225.63,448.23817
2023-08-08 05:00:00,29225.62,29282.51,29225.62,29278.01,689.38407
2023-08-08 05:30:00,29278.0,29331.24,29240.12,29249.12,873.65548
2023-08-08 06:00:00,29249.13,29269.84,29240.0,29266.5,429.00817
2023-08-08 06:30:00,29266.49,29272.0,29222.33,29224.01,399.34911
2023-08-08 07:00:00,29224.0,29233.31,29203.1,29207.92,462.40553
2023-08-08 07:30:00,29207.92,29207.92,29185.43,29187.62,403.62718
2023-08-08 08:00:00,29187.62,29204.0,29186.0,29204.0,264.04151
2023-08-08 08:30:00,29204.0,29204.0,29182.0,29182.01,249.70075
2023-08-08 09:00:00,29182.01,29191.47,29171.47,29186.02,385.00057
2023-08-08 09:30:00,29186.01,29217.59,29186.01,29204.0,398.18983
2023-08-08 10:00:00,29204.0,29225.76,29200.82,29225.76,330.8296
2023-08-08 10:30:00,29225.75,29318.6,29225.75,29300.21,698.20419
2023-08-08 11:00:00,29300.21,29380.0,29285.0,29344.4,1108.78926
2023-08-08 11:30:00,29344.39,29441.96,29322.9,29438.63,1239.15639
2023-08-08 12:00:00,29438.63,29495.0,29363.14,29485.99,1334.84575
2023-08-08 12:30:00,29485.98,29600.0,29446.0,29578.57,2061.12276
2023-08-08 13:00:00,29578.56,29674.7,29472.6,29494.01,2557.58802
2023-08-08 13:30:00,29494.01,29513.69,29354.0,29362.45,1889.4877
2023-08-08 14:00:00,29362.46,29460.67,29362.45,29460.67,995.0652
2023-08-08 14:30:00,29460.67,29540.0,29432.05,29439.12,1407.66145
2023-08-08 15:00:00,29439.12,29525.39,29436.7,29506.97,908.13571
2023-08-08 15:30:00,29506.96,29600.99,29502.04,29535.39,1076.35053
2023-08-08 16:00:00,29535.38,29647.57,29535.38,29618.0,970.67322
2023-08-08 16:30:00,29617.99,29836.0,29617.99,29748.0,3456.52925
2023-08-08 17:00:00,29748.0,29876.74,29696.0,29736.0,2154.78504
2023-08-08 17:30:00,29735.99,29833.99,29713.87,29808.56,1089.6513
2023-08-08 18:00:00,29808.56,29950.0,29776.45,29880.76,2260.44725
2023-08-08 18:30:00,29880.77,29913.48,29759.45,29847.49,1657.9243
2023-08-08 19:00:00,29847.49,29944.82,29845.0,29894.66,1032.39392
2023-08-08 19:30:00,29894.66,29909.9,29834.0,29884.24,888.06309
2023-08-08 20:00:00,29884.23,29977.0,29841.8,29977.0,929.60068
2023-08-08 20:30:00,29976.99,29999.0,29939.19,29980.0,909.90262
2023-08-08 21:00:00,29979.99,30244.0,29926.23,29936.7,3025.74607
2023-08-08 21:30:00,29936.7,29960.0,29816.41,29854.98,1281.91481
2023-08-08 22:00:00,29854.97,29882.04,29729.3,29785.99,1144.80384
2023-08-08 22:30:00,29786.0,29795.29,29685.76,29768.01,719.65505
2023-08-08 23:00:00,29768.01,29821.99,29768.0,29820.01,369.64352
2023-08-08 23:30:00,29820.0,29821.31,29760.0,29770.42,306.1631
2023-08-09 00:00:00,29770.41,29826.0,29770.41,29824.08,428.93565
2023-08-09 00:30:00,29824.07,29864.35,29782.0,29782.01,478.28929
2023-08-09 01:00:00,29782.01,29852.0,29762.4,29842.02,428.82026
2023-08-09 01:30:00,29842.01,29883.1,29824.46,29853.15,737.39654
2023-08-09 02:00:00,29853.15,29866.2,29699.22,29712.0,1269.99162
2023-08-09 02:30:00,29712.0,29736.91,29613.0,29692.19,1340.82785
2023-08-09 03:00:00,29692.18,29744.88,29676.68,29717.94,590.57015
2023-08-09 03:30:00,29717.93,29723.22,29698.02,29716.01,425.16374
2023-08-09 04:00:00,29716.0,29752.12,29705.13,29742.0,370.56088
2023-08-09 04:30:00,29742.0,29766.41,29741.99,29762.1,541.9024
2023-08-09 05:00:00,29762.1,29786.34,29750.0,29771.99,405.6129
2023-08-09 05:30:00,29771.99,29774.0,29733.75,29735.98,500.76436
2023-08-09 06:00:00,29735.98,29740.15,29673.34,29676.0,867.73999
2023-08-09 06:30:00,29676.0,29732.0,29673.39,29725.52,637.8759
2023-08-09 07:00:00,29725.51,29787.89,29718.94,29787.89,441.98671
2023-08-09 07:30:00,29787.89,29821.29,29759.8,29818.0,855.3669
2023-08-09 08:00:00,29818.01,29829.99,29776.89,29789.99,574.57477
2023-08-09 08:30:00,29789.99,29844.4,29775.0,29836.4,676.49083
2023-08-09 09:00:00,29836.39,29836.4,29779.13,29800.0,668.07622
2023-08-09 09:30:00,29800.01,29808.64,29781.77,29781.78,397.02315
2023-08-09 10:00:00,29781.77,29791.83,29775.0,29778.44,290.04916
2023-08-09 10:30:00,29778.43,29854.71,29740.01,29842.45,743.04085
2023-08-09 11:00:00,29842.45,29914.19,29812.79,29814.79,761.04525
2023-08-09 11:30:00,29814.79,29888.33,29795.2,29888.32,655.35465
2023-08-09 12:00:00,29888.32,29944.0,29866.01,29886.56,889.79031
2023-08-09 12:30:00,29886.55,30094.4,29886.55,30076.32,2113.29568
2023-08-09 13:00:00,30076.33,30160.0,29950.91,29964.9,2388.31212
2023-08-09 13:30:00,29964.91,29972.0,29864.35,29886.73,1207.7789
2023-08-09 14:00:00,29886.72,29929.28,29800.0,29880.92,1181.74057
2023-08-09 14:30:00,29880.91,29947.22,29755.4,29755.4,1584.01177
2023-08-09 15:00:00,29755.41,29793.08,29720.5,29748.01,1203.60723
2023-08-09 15:30:00,29748.0,29796.2,29676.86,29761.7,921.95491
2023-08-09 16:00:00,29761.7,29774.0,29706.0,29708.01,501.49277
2023-08-09 16:30:00,29708.0,29740.65,29513.41,29513.42,2724.0259
2023-08-09 17:00:00,29513.41,29594.22,29467.48,29475.0,1973.00485
2023-08-09 17:30:00,29474.99,29529.14,29443.22,29515.27,1148.26049
2023-08-09 18:00:00,29515.27,29569.6,29452.9,29566.83,615.58416
2023-08-09 18:30:00,29566.83,29586.95,29522.0,29525.01,393.08899
2023-08-09 19:00:00,29525.01,29550.0,29494.07,29524.24,296.79851
2023-08-09 19:30:00,29524.24,29532.7,29396.95,29416.22,767.99935
2023-08-09 20:00:00,29416.21,29491.86,29376.67,29485.49,860.3291
2023-08-09 20:30:00,29485.49,29513.81,29463.22,29500.33,276.10773
2023-08-09 21:00:00,29500.33,29530.0,29440.0,29530.0,402.71198
2023-08-09 21:30:00,29530.0,29559.9,29493.57,29526.89,345.53939
2023-08-09 22:00:00,29526.88,29582.1,29516.98,29582.09,275.3808
2023-08-09 22:30:00,29582.09,29601.92,29563.28,29601.91,224.66818
2023-08-09 23:00:00,29601.92,29626.0,29585.0,29619.4,343.68681
2023-08-09 23:30:00,29619.41,29623.62,29566.49,29581.99,277.25673
2023-08-10 00:00:00,29581.99,29629.47,29570.01,29625.99,295.74733
2023-08-10 00:30:00,29625.99,29639.99,29566.67,29620.0,272.64126
2023-08-10 01:00:00,29620.0,29629.79,29576.97,29608.41,309.36978
2023-08-10 01:30:00,29608.4,29660.06,29579.04,29608.68,485.77789
2023-08-10 02:00:00,29608.67,29644.33,29600.0,29620.0,354.54683
2023-08-10 02:30:00,29620.0,29634.01,29582.3,29582.3,334.85314
2023-08-10 03:00:00,29582.3,29620.0,29571.73,29595.43,634.83474
2023-08-10 03:30:00,29595.42,29595.43,29566.66,29582.63,398.66818
2023-08-10 04:00:00,29582.63,29582.63,29540.7,29544.73,367.13903
2023-08-10 04:30:00,29544.73,29564.99,29536.1,29542.05,515.53071
2023-08-10 05:00:00,29542.04,29542.67,29510.44,29518.0,438.96059
2023-08-10 05:30:00,29518.0,29616.98,29515.5,29585.84,556.37111
2023-08-10 06:00:00,29585.85,29609.68,29527.33,29540.06,438.86267
2023-08-10 06:30:00,29540.06,29554.12,29513.43,29517.33,355.43403
2023-08-10 07:00:00,29517.33,29567.69,29517.33,29564.42,324.47116
2023-08-10 07:30:00,29564.43,29565.84,29491.11,29512.0,528.18657
2023-08-10 08:00:00,29511.99,29534.88,29492.58,29514.0,560.56297
2023-08-10 08:30:00,29513.99,29521.54,29505.19,29519.2,375.36699
2023-08-10 09:00:00,29519.19,29519.2,29485.0,29491.5,254.43607
2023-08-10 09:30:00,29491.49,29554.0,29476.0,29534.16,640.48363
2023-08-10 10:00:00,29534.15,29548.71,29512.77,29514.89,362.08995
2023-08-10 10:30:00,29514.89,29559.98,29514.88,29552.86,388.66217
2023-08-10 11:00:00,29552.86,29557.31,29515.89,29520.97,520.76408
2023-08-10 11:30:00,29520.97,29520.97,29486.0,29504.01,361.60693
2023-08-10 12:00:00,29504.01,29568.06,29491.49,29556.0,600.85792
2023-08-10 12:30:00,29555.99,29635.29,29489.0,29560.97,1945.36112
2023-08-10 13:00:00,29560.97,29586.0,29523.87,29585.99,383.63531
2023-08-10 13:30:00,29585.99,29692.85,29572.93,29680.11,1098.84723
2023-08-10 14:00:00,29680.1,29738.0,29572.05,29599.02,1375.49363
2023-08-10 14:30:00,29599.03,29623.54,29400.0,29495.76,1488.30292
2023-08-10 15:00:00,29495.76,29513.92,29435.75,29487.98,491.75367
2023-08-10 15:30:00,29487.99,29531.25,29445.15,29466.0,718.03841
2023-08-10 16:00:00,29465.99,29471.84,29385.0,29437.5,608.77051
2023-08-10 16:30:00,29437.5,29478.07,29421.26,29431.15,584.94528
2023-08-10 17:00:00,29431.16,29446.0,29400.0,29406.5,351.61792
2023-08-10 17:30:00,29406.5,29462.0,29320.2,29412.75,883.43962
2023-08-10 18:00:00,29412.74,29475.24,29396.76,29444.36,442.71413
2023-08-10 18:30:00,29444.35,29444.36,29416.43,29436.0,308.38486
2023-08-10 19:00:00,29436.0,29437.49,29406.53,29406.53,235.07379
2023-08-10 19:30:00,29406.54,29449.99,29384.89,29444.52,262.48213
2023-08-10 20:00:00,29444.52,29488.29,29444.52,29470.9,378.46015
2023-08-10 20:30:00,29470.9,29470.9,29422.71,29453.45,225.18417
2023-08-10 21:00:00,29453.44,29459.49,29449.47,29454.01,136.60282
2023-08-10 21:30:00,29454.01,29471.3,29454.01,29466.07,193.24321
2023-08-10 22:00:00,29466.06,29466.07,29446.72,29466.02,238.75915
2023-08-10 22:30:00,29466.02,29481.89,29465.0,29465.01,177.42475
2023-08-10 23:00:00,29465.01,29469.0,29450.0,29466.71,161.56784
2023-08-10 23:30:00,29466.7,29466.71,29454.33,29455.75,97.12538
2023-08-11 00:00:00,29455.76,29486.79,29450.0,29486.79,181.81231
2023-08-11 00:30:00,29486.79,29498.17,29477.94,29481.66,234.85823
2023-08-11 01:00:00,29481.65,29491.28,29469.08,29469.09,184.55917
2023-08-11 01:30:00,29469.09,29469.09,29440.11,29450.01,482.07459
2023-08-11 02:00:00,29450.0,29450.01,29401.67,29415.57,377.23488
2023-08-11 02:30:00,29415.57,29415.57,29352.47,29373.02,407.77556
2023-08-11 03:00:00,29373.01,29433.0,29355.23,29409.08,522.36101
2023-08-11 03:30:00,29409.08,29412.0,29387.84,29412.0,508.53902
2023-08-11 04:00:00,29412.0,29426.46,29407.23,29426.46,400.97054
2023-08-11 04:30:00,29426.45,29432.0,29414.0,29416.82,201.56742
2023-08-11 05:00:00,29416.81,29416.82,29380.04,29410.0,296.91747
2023-08-11 05:30:00,29409.99,29461.58,29409.99,29461.57,388.24063
2023-08-11 06:00:00,29461.57,29463.26,29437.68,29437.95,532.82845
2023-08-11 06:30:00,29437.95,29473.73,29430.0,29462.01,479.35886
2023-08-11 07:00:00,29462.0,29490.0,29438.0,29442.0,619.93286
2023-08-11 07:30:00,29442.0,29442.29,29417.27,29417.28,431.84799
2023-08-11 08:00:00,29417.28,29452.33,29406.91,29440.9,799.83792
2023-08-11 08:30:00,29440.9,29440.9,29413.21,29413.22,354.10352
2023-08-11 09:00:00,29413.22,29415.59,29390.0,29394.93,586.66017
2023-08-11 09:30:00,29394.94,29411.35,29382.0,29386.42,281.63075
2023-08-11 10:00:00,29386.42,29427.47,29350.0,29407.51,476.35907
2023-08-11 10:30:00,29407.51,29409.07,29391.93,29393.28,582.79443
2023-08-11 11:00:00,29393.27,29405.67,29393.27,29405.67,360.08451
2023-08-11 11:30:00,29405.67,29447.14,29405.66,29445.96,368.20739
2023-08-11 12:00:00,29445.96,29460.0,29434.64,29442.01,660.6653
2023-08-11 12:30:00,29442.0,29454.08,29397.5,29425.99,580.12784
2023-08-11 13:00:00,29425.99,29460.02,29425.99,29441.85,254.95368
2023-08-11 13:30:00,29441.85,29472.84,29419.64,29470.71,473.65836
2023-08-11 14:00:00,29470.71,29564.52,29464.78,29512.41,1320.13746
2023-08-11 14:30:00,29512.42,29555.99,29470.45,29495.44,831.57813
2023-08-11 15:00:00,29495.44,29524.89,29366.85,29402.58,1088.58599
2023-08-11 15:30:00,29402.57,29402.58,29354.0,29395.89,653.53604
2023-08-11 16:00:00,29395.9,29431.03,29387.19,29392.0,488.10652
2023-08-11 16:30:00,29392.0,29400.71,29252.45,29361.77,1450.43099
2023-08-11 17:00:00,29361.77,29393.69,29323.0,29393.69,337.52652
2023-08-11 17:30:00,29393.69,29397.36,29327.16,29340.4,283.50153
2023-08-11 18:00:00,29340.39,29377.6,29330.83,29355.33,232.64417
2023-08-11 18:30:00,29355.33,29377.13,29347.31,29376.19,184.52215
2023-08-11 19:00:00,29376.2,29377.42,29350.67,29375.92,206.3846
2023-08-11 19:30:00,29375.91,29416.65,29375.91,29396.76,332.23626
2023-08-11 20:00:00,29396.76,29429.0,29396.76,29404.3,201.99399
2023-08-11 20:30:00,29404.29,29420.22,29399.95,29420.22,118.47707
2023-08-11 21:00:00,29420.22,29444.73,29420.21,29430.26,185.27571
2023-08-11 21:30:00,29430.27,29430.27,29405.19,29410.05,166.2451
2023-08-11 22:00:00,29410.04,29421.49,29404.39,29421.49,131.85597
2023-08-11 22:30:00,29421.49,29439.69,29421.48,29434.56,152.90865
2023-08-11 23:00:00,29434.57,29434.57,29405.99,29425.2,111.93302
2023-08-11 23:30:00,29425.19,29440.0,29425.19,29426.03,129.2025
2023-08-12 00:00:00,29426.02,29430.81,29406.26,29430.81,151.40482
2023-08-12 00:30:00,29430.8,29454.75,29430.8,29454.73,171.92381
2023-08-12 01:00:00,29454.72,29460.73,29426.94,29426.95,178.11356
2023-08-12 01:30:00,29426.94,29428.32,29400.64,29405.25,271.33404
2023-08-12 02:00:00,29405.24,29414.67,29398.0,29413.58,254.01103
2023-08-12 02:30:00,29413.58,29413.58,29391.45,29391.46,83.95308
2023-08-12 03:00:00,29391.46,29392.57,29388.0,29388.01,201.97246
2023-08-12 03:30:00,29388.01,29405.0,29381.56,29402.07,268.5814
2023-08-12 04:00:00,29402.06,29425.96,29402.06,29421.26,238.50949
2023-08-12 04:30:00,29421.25,29421.26,29417.3,29418.23,148.76599
2023-08-12 05:00:00,29418.22,29419.1,29413.33,29413.33,220.01382
2023-08-12 05:30:00,29413.33,29413.34,29405.34,29405.34,96.41417
2023-08-12 06:00:00,29405.34,29405.35,29385.99,29392.72,258.90956
2023-08-12 06:30:00,29392.72,29416.87,29384.82,29416.86,265.02111
2023-08-12 07:00:00,29416.86,29416.87,29406.69,29406.69,135.22232
2023-08-12 07:30:00,29406.7,29426.68,29401.46,29421.49,348.65955
2023-08-12 08:00:00,29421.48,29426.54,29410.71,29411.05,338.71199
2023-08-12 08:30:00,29411.05,29411.99,29390.57,29392.99,388.94614
2023-08-12 09:00:00,29392.99,29419.61,29392.98,29412.7,373.55644
2023-08-12 09:30:00,29412.7,29419.21,29412.69,29417.61,151.02535
2023-08-12 10:00:00,29417.6,29431.15,29417.59,29429.49,325.06568
2023-08-12 10:30:00,29429.5,29434.35,29421.5,29434.35,283.9892
2023-08-12 11:00:00,29434.35,29434.35,29417.15,29417.16,132.15349
2023-08-12 11:30:00,29417.15,29432.36,29415.6,29429.85,196.35745
2023-08-12 12:00:00,29429.85,29429.85,29423.56,29423.57,112.80001
2023-08-12 12:30:00,29423.56,29428.8,29415.55,29428.8,152.76396
2023-08-12 13:00:00,29428.8,29428.8,29421.53,29425.27,156.00587
2023-08-12 13:30:00,29425.26,29425.27,29408.28,29408.8,233.42893
2023-08-12 14:00:00,29408.81,29436.65,29408.8,29436.63,189.83834
2023-08-12 14:30:00,29436.63,29450.0,29435.7,29449.98,216.64897
2023-08-12 15:00:00,29449.99,29449.99,29444.54,29449.97,154.2437
2023-08-12 15:30:00,29449.98,29458.1,29438.81,29438.81,174.61316
2023-08-12 16:00:00,29438.81,29475.32,29438.81,29475.32,206.90867
2023-08-12 16:30:00,29475.32,29481.35,29456.74,29456.74,236.7121
2023-08-12 17:00:00,29456.75,29457.56,29452.84,29454.13,141.1186
2023-08-12 17:30:00,29454.13,29454.13,29430.11,29430.11,148.28223
2023-08-12 18:00:00,29430.11,29433.11,29418.54,29433.11,177.1971
2023-08-12 18:30:00,29433.11,29436.25,29429.11,29429.11,101.24365
2023-08-12 19:00:00,29429.12,29429.12,29414.24,29417.27,126.72571
2023-08-12 19:30:00,29417.27,29417.27,29411.58,29416.16,125.26131
2023-08-12 20:00:00,29416.17,29426.87,29416.16,29426.16,112.57036
2023-08-12 20:30:00,29426.16,29426.17,29420.38,29420.38,88.60119
2023-08-12 21:00:00,29420.38,29420.39,29411.31,29415.85,107.09215
2023-08-12 21:30:00,29415.85,29417.39,29400.0,29417.38,150.9427
2023-08-12 22:00:00,29417.38,29431.08,29417.38,29429.55,134.76484
2023-08-12 22:30:00,29429.56,29429.56,29422.27,29426.5,60.88736
2023-08-12 23:00:00,29426.5,29433.16,29426.49,29432.04,110.46232
2023-08-12 23:30:00,29432.05,29432.05,29430.01,29430.17,69.7515
2023-08-13 00:00:00,29430.18,29430.18,29425.06,29430.0,89.67496
2023-08-13 00:30:00,29429.99,29450.0,29429.99,29449.99,84.96308
2023-08-13 01:00:00,29450.0,29452.75,29442.39,29443.81,106.44505
2023-08-13 01:30:00,29443.81,29452.75,29442.77,29452.75,142.13773
2023-08-13 02:00:00,29452.75,29455.21,29452.74,29454.99,95.36891
2023-08-13 02:30:00,29455.0,29455.0,29446.31,29446.31,71.48675
2023-08-13 03:00:00,29446.32,29446.32,29400.0,29415.4,461.14589
2023-08-13 03:30:00,29415.39,29418.57,29413.99,29418.56,117.46814
2023-08-13 04:00:00,29418.56,29418.57,29384.1,29393.05,284.51026
2023-08-13 04:30:00,29393.06,29406.27,29393.05,29394.68,209.03154
2023-08-13 05:00:00,29394.69,29394.69,29363.0,29382.22,327.75246
2023-08-13 05:30:00,29382.21,29385.0,29380.63,29385.0,119.6553
2023-08-13 06:00:00,29384.99,29397.97,29381.56,29392.81,189.64532
2023-08-13 06:30:00,29392.82,29401.56,29391.29,29401.56,241.71113
2023-08-13 07:00:00,29401.55,29407.5,29401.06,29404.02,210.53026
2023-08-13 07:30:00,29404.02,29404.02,29395.9,29396.36,253.27487
2023-08-13 08:00:00,29396.37,29399.88,29391.85,29395.66,264.8258
2023-08-13 08:30:00,29395.66,29414.53,29395.66,29414.53,338.21671
2023-08-13 09:00:00,29414.53,29414.53,29408.0,29411.16,310.9775
2023-08-13 09:30:00,29411.16,29413.9,29410.0,29413.7,219.63859
2023-08-13 10:00:00,29413.7,29416.53,29408.0,29412.0,233.64515
2023-08-13 10:30:00,29412.01,29414.1,29403.86,29403.86,242.82921
2023-08-13 11:00:00,29403.86,29403.87,29393.77,29393.77,108.78052
2023-08-13 11:30:00,29393.78,29393.78,29375.49,29383.38,136.20481
2023-08-13 12:00:00,29383.39,29389.28,29367.89,29385.48,247.83976
2023-08-13 12:30:00,29385.47,29393.76,29385.47,29389.99,155.78869
2023-08-13 13:00:00,29390.0,29390.01,29374.85,29374.85,228.23217
2023-08-13 13:30:00,29374.84,29376.0,29373.39,29375.99,170.64179
2023-08-13 14:00:00,29376.0,29376.0,29374.0,29375.99,129.96315
2023-08-13 14:30:00,29375.99,29386.3,29371.64,29371.64,167.83798
2023-08-13 15:00:00,29371.65,29380.26,29362.12,29362.12,210.22962
2023-08-13 15:30:00,29362.12,29375.36,29362.0,29374.2,197.44162
2023-08-13 16:00:00,29374.19,29374.2,29328.21,29351.68,602.82941
2023-08-13 16:30:00,29351.68,29353.59,29346.16,29353.59,184.71791
2023-08-13 17:00:00,29353.59,29420.0,29353.58,29402.01,371.64456
2023-08-13 17:30:00,29402.0,29404.0,29395.05,29400.02,186.69419
2023-08-13 18:00:00,29400.02,29406.3,29396.79,29401.48,153.60983
2023-08-13 18:30:00,29401.48,29428.67,29401.48,29422.12,240.62435
2023-08-13 19:00:00,29422.13,29437.79,29422.12,29437.79,244.50293
2023-08-13 19:30:00,29437.79,29474.65,29437.78,29442.91,417.02272
2023-08-13 20:00:00,29442.91,29446.0,29420.51,29422.67,149.11824
2023-08-13 20:30:00,29422.67,29434.53,29420.0,29420.01,129.95823
2023-08-13 21:00:00,29420.01,29427.03,29415.43,29415.44,135.839
2023-08-13 21:30:00,29415.43,29415.44,29367.2,29367.2,307.53292
2023-08-13 22:00:00,29367.2,29376.71,29297.97,29361.61,615.85455
2023-08-13 22:30:00,29361.61,29361.62,29272.32,29319.41,541.31019
2023-08-13 23:00:00,29319.42,29334.77,29298.0,29334.77,281.642
2023-08-13 23:30:00,29334.77,29334.77,29303.84,29303.84,170.91372
2023-08-14 00:00:00,29303.85,29325.29,29280.46,29322.0,465.45672
2023-08-14 00:30:00,29321.99,29322.0,29250.0,29266.0,721.26175
2023-08-14 01:00:00,29266.0,29298.52,29250.21,29259.94,414.11506
2023-08-14 01:30:00,29259.94,29280.0,29205.15,29268.0,1022.07533
2023-08-14 02:00:00,29268.0,29300.48,29102.45,29207.44,3272.58623
2023-08-14 02:30:00,29207.43,29361.99,29200.0,29319.99,1979.91601
2023-08-14 03:00:00,29320.0,29399.0,29319.99,29399.0,666.22689
2023-08-14 03:30:00,29399.0,29429.95,29362.97,29399.91,818.17019
2023-08-14 04:00:00,29399.91,29440.0,29395.24,29419.72,532.09543
2023-08-14 04:30:00,29419.72,29450.0,29408.34,29413.99,403.61425
2023-08-14 05:00:00,29413.99,29443.2,29413.99,29438.51,312.14971
2023-08-14 05:30:00,29438.51,29453.47,29421.82,29447.6,440.43174
2023-08-14 06:00:00,29447.6,29469.63,29411.0,29419.94,348.07667
2023-08-14 06:30:00,29419.94,29429.7,29419.83,29419.84,165.88175
2023-08-14 07:00:00,29419.84,29419.84,29392.6,29403.48,303.07928
2023-08-14 07:30:00,29403.48,29434.85,29402.8,29422.01,481.2768
2023-08-14 08:00:00,29422.01,29471.58,29422.0,29452.83,526.09834
2023-08-14 08:30:00,29452.84,29495.76,29424.14,29426.5,548.56056
2023-08-14 09:00:00,29426.49,29434.0,29404.63,29413.52,404.77856
2023-08-14 09:30:00,29413.52,29422.0,29386.35,29413.99,464.07624
2023-08-14 10:00:00,29414.0,29418.31,29404.15,29413.39,268.82947
2023-08-14 10:30:00,29413.4,29450.06,29411.29,29433.58,395.71324
2023-08-14 11:00:00,29433.57,29433.58,29397.48,29397.49,252.19607
2023-08-14 11:30:00,29397.49,29410.0,29383.63,29409.99,307.29409
2023-08-14 12:00:00,29410.0,29410.0,29364.33,29364.33,318.82158
2023-08-14 12:30:00,29364.34,29392.39,29348.01,29384.01,481.61985
2023-08-14 13:00:00,29384.0,29384.64,29343.35,29350.0,426.16928
2023-08-14 13:30:00,29350.0,29400.0,29332.61,29384.92,434.31685
2023-08-14 14:00:00,29384.91,29462.44,29384.91,29448.0,722.90931
2023-08-14 14:30:00,29448.0,29593.0,29445.11,29534.0,2113.73652
2023-08-14 15:00:00,29533.99,29643.51,29475.67,29639.99,1267.78672
2023-08-14 15:30:00,29639.99,29672.0,29595.49,29599.99,1371.4526
2023-08-14 16:00:00,29600.0,29660.0,29599.99,29651.92,760.65293
2023-08-14 16:30:00,29651.93,29695.32,29638.5,29653.99,774.64018
2023-08-14 17:00:00,29653.99,29671.96,29555.01,29555.02,846.8887
2023-08-14 17:30:00,29555.01,29571.66,29480.1,29487.28,748.11485
2023-08-14 18:00:00,29487.29,29490.0,29257.0,29362.45,2550.80159
2023-08-14 18:30:00,29362.44,29386.0,29310.0,29330.01,524.09112
2023-08-14 19:00:00,29330.01,29377.26,29322.0,29374.01,333.73728
2023-08-14 19:30:00,29374.01,29392.42,29345.65,29360.54,321.35449
2023-08-14 20:00:00,29360.54,29399.9,29338.12,29399.89,394.60816
2023-08-14 20:30:00,29399.9,29400.83,29390.34,29400.83,177.76604
2023-08-14 21:00:00,29400.82,29400.83,29383.0,29386.22,196.43379
2023-08-14 21:30:00,29386.21,29408.76,29386.21,29405.13,138.85189
2023-08-14 22:00:00,29405.13,29471.31,29398.0,29459.87,372.39167
2023-08-14 22:30:00,29459.87,29470.36,29436.74,29438.0,255.72895
2023-08-14 23:00:00,29437.99,29438.0,29423.01,29425.95,251.27056
2023-08-14 23:30:00,29425.95,29441.93,29424.0,29430.93,145.01003
2023-08-15 00:00:00,29430.92,29454.23,29418.0,29442.01,227.92473
2023-08-15 00:30:00,29442.02,29442.02,29404.71,29433.88,203.64119
2023-08-15 01:00:00,29433.89,29450.1,29420.52,29422.37,256.58332
2023-08-15 01:30:00,29422.37,29422.37,29380.0,29411.07,440.64314
2023-08-15 02:00:00,29411.08,29411.08,29385.67,29395.63,334.37739
2023-08-15 02:30:00,29395.62,29422.43,29374.38,29383.98,706.38455
2023-08-15 03:00:00,29383.98,29397.0,29382.0,29391.4,285.71569
2023-08-15 03:30:00,29391.39,29410.0,29371.99,29402.01,533.36803
2023-08-15 04:00:00,29402.0,29406.01,29380.51,29384.32,533.88689
2023-08-15 04:30:00,29384.31,29393.02,29375.4,29378.01,349.16296
2023-08-15 05:00:00,29378.01,29393.19,29368.16,29393.19,278.74449
2023-08-15 05:30:00,29393.19,29393.19,29359.67,29369.73,343.04713
2023-08-15 06:00:00,29369.72,29385.95,29362.0,29364.5,425.29707
2023-08-15 06:30:00,29364.5,29374.5,29358.49,29374.1,548.72749
2023-08-15 07:00:00,29374.11,29374.11,29359.21,29359.21,418.21794
2023-08-15 07:30:00,29359.21,29435.02,29351.33,29408.84,862.22741
2023-08-15 08:00:00,29408.83,29430.0,29401.34,29429.13,554.79914
2023-08-15 08:30:00,29429.12,29457.44,29418.88,29426.15,659.33455
2023-08-15 09:00:00,29426.15,29450.12,29416.0,29448.01,284.02977
2023-08-15 09:30:00,29448.01,29448.01,29406.7,29422.8,834.6251
2023-08-15 10:00:00,29422.79,29422.8,29398.0,29409.46,660.20079
2023-08-15 10:30:00,29409.46,29422.96,29403.73,29403.74,369.92519
2023-08-15 11:00:00,29403.74,29404.92,29395.0,29400.0,535.42555
2023-08-15 11:30:00,29400.01,29400.01,29358.0,29366.0,692.4094
2023-08-15 12:00:00,29365.99,29385.94,29362.97,29366.0,539.5883
2023-08-15 12:30:00,29366.01,29403.25,29365.54,29368.72,503.6196
2023-08-15 13:00:00,29368.71,29409.99,29366.6,29407.95,424.21486
2023-08-15 13:30:00,29407.95,29416.0,29375.44,29375.44,342.37849
2023-08-15 14:00:00,29375.44,29436.61,29337.75,29425.0,1183.73659
2023-08-15 14:30:00,29425.0,29468.75,29414.59,29455.76,570.35599
2023-08-15 15:00:00,29455.76,29499.26,29358.41,29390.36,982.6543
2023-08-15 15:30:00,29390.36,29404.96,29315.0,29332.66,971.22748
2023-08-15 16:00:00,29332.67,29369.23,29295.88,29351.45,816.29286
2023-08-15 16:30:00,29351.44,29351.45,29260.0,29282.82,994.1389
2023-08-15 17:00:00,29282.82,29322.0,29278.01,29317.99,415.56175
2023-08-15 17:30:00,29317.99,29335.84,29310.34,29335.83,213.85041
2023-08-15 18:00:00,29335.83,29335.84,29302.66,29324.69,474.9138
2023-08-15 18:30:00,29324.7,29348.11,29323.0,29323.0,413.61907
2023-08-15 19:00:00,29323.01,29323.01,29059.6,29170.01,3511.22469
2023-08-15 19:30:00,29170.01,29217.8,29136.02,29181.73,936.33653
2023-08-15 20:00:00,29181.73,29234.51,29135.81,29230.34,812.35684
2023-08-15 20:30:00,29230.35,29230.35,29185.04,29199.0,485.97975
2023-08-15 21:00:00,29198.99,29238.63,29178.62,29236.88,342.01463
2023-08-15 21:30:00,29236.89,29243.08,29222.83,29229.94,247.19085
2023-08-15 22:00:00,29229.93,29239.79,29206.97,29224.37,261.46089
2023-08-15 22:30:00,29224.37,29227.02,29182.1,29183.62,246.08252
2023-08-15 23:00:00,29183.61,29217.94,29176.0,29195.42,278.07681
2023-08-15 23:30:00,29195.43,29210.0,29182.0,29200.0,198.30209
2023-08-16 00:00:00,29200.01,29237.27,29196.21,29216.18,197.67581
2023-08-16 00:30:00,29216.19,29259.85,29199.99,29224.37,441.25553
2023-08-16 01:00:00,29224.37,29240.0,29209.96,29221.0,337.21824
2023-08-16 01:30:00,29221.0,29249.02,29184.96,29245.47,618.67173
2023-08-16 02:00:00,29245.46,29257.46,29228.8,29228.8,794.82597
2023-08-16 02:30:00,29228.8,29255.14,29223.39,29255.14,404.54055
2023-08-16 03:00:00,29255.14,29255.14,29223.16,29223.16,420.3309
2023-08-16 03:30:00,29223.17,29243.98,29223.16,29228.51,374.57716
2023-08-16 04:00:00,29228.51,29235.54,29218.94,29218.95,519.71121
2023-08-16 04:30:00,29218.94,29222.01,29204.67,29208.37,536.87612
2023-08-16 05:00:00,29208.36,29209.24,29179.87,29192.86,361.76646
2023-08-16 05:30:00,29192.87,29192.87,29138.16,29142.23,637.535
2023-08-16 06:00:00,29142.24,29180.0,29111.0,29159.7,575.66692
2023-08-16 06:30:00,29159.7,29195.87,29159.7,29193.23,671.53064
2023-08-16 07:00:00,29193.22,29212.6,29186.0,29190.59,414.68015
2023-08-16 07:30:00,29190.58,29213.12,29177.18,29197.67,574.30075
2023-08-16 08:00:00,29197.67,29200.43,29161.69,29173.45,665.71192
2023-08-16 08:30:00,29173.45,29216.46,29173.45,29179.96,537.62785
2023-08-16 09:00:00,29179.95,29179.96,29128.74,29150.01,872.32719
2023-08-16 09:30:00,29150.0,29177.46,29100.0,29167.59,710.69214
2023-08-16 10:00:00,29167.6,29204.35,29164.65,29185.24,300.65738
2023-08-16 10:30:00,29185.24,29206.61,29185.23,29197.33,302.37245
2023-08-16 11:00:00,29197.34,29198.0,29169.94,29182.09,480.00039
2023-08-16 11:30:00,29182.08,29182.09,29147.94,29164.67,387.58896
2023-08-16 12:00:00,29164.67,29164.67,29087.15,29096.95,765.44622
2023-08-16 12:30:00,29096.95,29211.34,29047.09,29160.0,1377.76817
2023-08-16 13:00:00,29159.99,29177.69,29112.24,29123.76,515.35634
2023-08-16 13:30:00,29123.75,29148.0,29073.6,29088.62,962.08565
2023-08-16 14:00:00,29088.62,29135.61,29050.47,29130.08,618.46792
2023-08-16 14:30:00,29130.09,29165.0,29125.94,29159.91,423.59967
2023-08-16 15:00:00,29159.92,29184.31,29148.55,29159.61,448.21124
2023-08-16 15:30:00,29159.61,29163.07,29100.39,29106.55,521.52314
2023-08-16 16:00:00,29106.55,29107.75,28956.0,28972.01,2051.8796
2023-08-16 16:30:00,28972.01,29086.53,28970.0,29086.52,1192.65158
2023-08-16 17:00:00,29086.53,29155.8,29051.09,29143.2,846.83395
2023-08-16 17:30:00,29143.19,29169.35,29123.02,29168.0,520.17565
2023-08-16 18:00:00,29168.0,29234.01,29108.74,29220.0,796.50624
2023-08-16 18:30:00,29220.0,29235.0,29160.0,29172.0,497.58767
2023-08-16 19:00:00,29171.99,29172.0,29106.01,29146.52,396.80271
2023-08-16 19:30:00,29146.51,29158.9,29110.0,29111.7,477.44312
2023-08-16 20:00:00,29111.69,29139.99,28915.0,28981.99,1087.82914
2023-08-16 20:30:00,28982.0,29040.0,28840.9,28974.01,2764.1168
2023-08-16 21:00:00,28974.01,28974.01,28866.76,28918.01,1156.18009
2023-08-16 21:30:00,28918.0,28949.0,28894.68,28929.63,367.59752
2023-08-16 22:00:00,28929.63,28977.77,28929.62,28962.0,440.59254
2023-08-16 22:30:00,28962.0,28962.01,28908.0,28910.0,372.5493
2023-08-16 23:00:00,28910.01,28910.01,28814.38,28850.11,859.64305
2023-08-16 23:30:00,28850.11,28862.1,28723.08,28730.51,1397.70981
2023-08-17 00:00:00,28730.51,28783.48,28670.52,28754.0,1239.15678
2023-08-17 00:30:00,28754.0,28754.0,28342.0,28580.85,4819.91862
2023-08-17 01:00:00,28580.84,28634.25,28540.0,28634.25,1024.30069
2023-08-17 01:30:00,28634.25,28635.93,28558.19,28632.69,842.36119
2023-08-17 02:00:00,28632.7,28647.7,28570.92,28622.78,514.84421
2023-08-17 02:30:00,28622.79,28627.56,28570.93,28584.35,589.76545
2023-08-17 03:00:00,28584.35,28642.0,28578.01,28638.81,453.34481
2023-08-17 03:30:00,28638.8,28698.01,28632.0,28657.31,655.4482
2023-08-17 04:00:00,28657.3,28706.31,28641.44,28641.45,491.39562
2023-08-17 04:30:00,28641.45,28653.18,28612.54,28649.99,496.082
2023-08-17 05:00:00,28649.99,28667.66,28633.77,28652.51,321.92694
2023-08-17 05:30:00,28652.51,28679.65,28639.03,28679.64,247.18406
2023-08-17 06:00:00,28679.65,28693.41,28655.92,28679.19,325.38839
2023-08-17 06:30:00,28679.18,28697.6,28664.0,28690.22,500.56982
2023-08-17 07:00:00,28690.21,28690.22,28624.17,28629.04,704.62563
2023-08-17 07:30:00,28629.05,28632.04,28601.87,28621.99,742.59946
2023-08-17 08:00:00,28622.0,28635.3,28581.93,28583.99,650.26644
2023-08-17 08:30:00,28584.0,28609.16,28546.89,28554.01,894.44365
2023-08-17 09:00:00,28554.01,28599.05,28517.45,28571.99,643.73147
2023-08-17 09:30:00,28572.0,28620.0,28571.99,28593.12,756.31583
2023-08-17 10:00:00,28593.12,28603.6,28564.15,28602.18,515.61064
2023-08-17 10:30:00,28602.18,28610.07,28496.47,28540.0,956.07445
2023-08-17 11:00:00,28540.0,28547.46,28483.89,28502.78,789.71761
2023-08-17 11:30:00,28502.77,28567.08,28499.6,28545.11,555.98846
2023-08-17 12:00:00,28545.1,28546.0,28435.26,28523.54,1147.90247
2023-08-17 12:30:00,28523.53,28573.55,28496.4,28496.41,1113.7145
2023-08-17 13:00:00,28496.4,28545.0,28452.44,28521.99,897.96051
2023-08-17 13:30:00,28521.98,28524.0,28381.0,28400.0,1521.0377
2023-08-17 14:00:00,28400.0,28460.01,28336.0,28383.99,1476.46389
2023-08-17 14:30:00,28383.98,28431.08,28320.11,28394.34,1596.81287
2023-08-17 15:00:00,28394.34,28500.6,28276.0,28401.43,2261.25933
2023-08-17 15:30:00,28401.43,28422.0,27888.0,27934.02,9104.83618
2023-08-17 16:00:00,27934.02,27980.32,27700.0,27888.98,6142.23619
2023-08-17 16:30:00,27888.97,28089.78,27875.0,27937.35,2854.5801
2023-08-17 17:00:00,27937.36,28040.0,27936.65,28005.99,1234.91076
2023-08-17 17:30:00,28006.0,28031.3,27949.0,27974.0,923.30172
2023-08-17 18:00:00,27973.99,28025.08,27949.5,27957.68,696.88833
2023-08-17 18:30:00,27957.67,27958.42,27864.74,27879.97,1191.7932
2023-08-17 19:00:00,27879.98,27971.17,27858.07,27955.26,752.33351
2023-08-17 19:30:00,27955.26,27975.59,27891.19,27894.01,693.25119
2023-08-17 20:00:00,27894.0,27920.23,27813.7,27817.56,707.47435
2023-08-17 20:30:00,27817.56,27850.0,27530.0,27679.57,3310.60229
2023-08-17 21:00:00,27679.56,27737.83,27574.68,27672.95,1782.95657
2023-08-17 21:30:00,27672.94,27716.08,25166.0,26253.92,15765.92611
2023-08-17 22:00:00,26253.93,26500.0,25950.0,26472.01,9306.80389
2023-08-17 22:30:00,26472.01,27150.0,26287.74,26801.29,7107.14628
2023-08-17 23:00:00,26801.3,27000.0,26570.51,26638.01,5743.07106
2023-08-17 23:30:00,26638.0,26726.0,26458.67,26623.41,3207.21691
2023-08-18 00:00:00,26623.41,26832.6,26593.86,26732.99,2437.05393
2023-08-18 00:30:00,26733.0,26748.0,26650.0,26737.3,1593.28838
2023-08-18 01:00:00,26737.3,26759.96,26582.52,26600.14,1356.76744
2023-08-18 01:30:00,26600.13,26655.71,26564.0,26613.49,1299.05325
2023-08-18 02:00:00,26613.49,26684.64,26585.86,26600.0,1028.97311
2023-08-18 02:30:00,26600.0,26609.32,26466.0,26482.13,1380.55551
2023-08-18 03:00:00,26482.13,26513.8,26400.1,26450.01,1151.76458
2023-08-18 03:30:00,26450.01,26517.8,26321.18,26398.0,1499.82434
2023-08-18 04:00:00,26397.99,26439.58,26157.71,26207.63,2014.835
2023-08-18 04:30:00,26207.63,26320.0,26183.39,26267.94,1946.53498
2023-08-18 05:00:00,26267.93,26445.28,26262.47,26442.01,1508.90865
2023-08-18 05:30:00,26442.01,26534.97,26418.72,26443.76,1473.68872
2023-08-18 06:00:00,26443.75,26610.0,26443.75,26512.9,1958.73563
2023-08-18 06:30:00,26512.91,26592.2,26493.08,26502.66,1385.58372
2023-08-18 07:00:00,26502.67,26527.45,26454.9,26455.22,1191.05961
2023-08-18 07:30:00,26455.22,26481.29,26423.0,26429.99,1899.9428
2023-08-18 08:00:00,26430.0,26501.83,26420.96,26450.43,1118.46692
2023-08-18 08:30:00,26450.43,26595.47,26432.3,26591.69,1303.51773
2023-08-18 09:00:00,26591.68,26609.65,26532.74,26543.39,1383.02102
2023-08-18 09:30:00,26543.4,26543.4,26425.82,26451.61,1231.49045
2023-08-18 10:00:00,26451.61,26465.23,26388.0,26417.78,956.47307
2023-08-18 10:30:00,26417.78,26468.67,26417.78,26452.08,688.62918
2023-08-18 11:00:00,26452.07,26465.75,26381.6,26401.06,834.11751
2023-08-18 11:30:00,26401.06,26514.28,26386.32,26494.0,888.06411
2023-08-18 12:00:00,26494.0,26500.0,26340.0,26375.38,1283.88709
2023-08-18 12:30:00,26375.39,26410.0,26322.0,26328.02,992.689
2023-08-18 13:00:00,26328.02,26343.67,26234.0,26256.01,1372.72041
2023-08-18 13:30:00,26256.01,26384.74,26220.0,26241.78,1657.67295
2023-08-18 14:00:00,26241.78,26280.0,26129.9,26164.01,1789.60359
2023-08-18 14:30:00,26164.0,26307.24,25981.88,26012.08,2921.78697
2023-08-18 15:00:00,26012.08,26252.0,26001.0,26110.0,2410.11565
2023-08-18 15:30:00,26110.0,26134.28,25931.95,26002.0,1998.16066
2023-08-18 16:00:00,26001.99,26141.85,25990.01,26002.01,1398.02962
2023-08-18 16:30:00,26002.0,26079.92,25769.04,25904.91,1997.26295
2023-08-18 17:00:00,25904.9,25947.05,25619.0,25912.0,4557.78981
2023-08-18 17:30:00,25912.0,26114.0,25878.88,26012.02,2477.39277
2023-08-18 18:00:00,26012.01,26080.22,25921.0,26050.52,1289.01842
2023-08-18 18:30:00,26050.51,26313.33,26030.19,26124.01,2277.0234
2023-08-18 19:00:00,26124.01,26137.09,26030.0,26081.09,1324.62932
2023-08-18 19:30:00,26081.09,26145.01,25992.0,26065.01,1168.12565
2023-08-18 20:00:00,26065.01,26241.57,26049.02,26241.57,1094.37838
2023-08-18 20:30:00,26241.56,26243.8,26066.79,26083.78,952.62096
2023-08-18 21:00:00,26083.77,26177.7,26083.77,26130.01,565.91986
2023-08-18 21:30:00,26130.01,26139.58,26062.74,26062.75,440.44838
2023-08-18 22:00:00,26062.75,26120.44,26040.14,26089.52,746.56167
2023-08-18 22:30:00,26089.53,26106.0,26057.84,26071.99,400.03892
2023-08-18 23:00:00,26071.99,26094.49,26022.81,26028.47,680.20704
2023-08-18 23:30:00,26028.47,26059.91,26006.01,26054.0,464.224
2023-08-19 00:00:00,26054.0,26080.2,26017.68,26017.69,519.86972
2023-08-19 00:30:00,26017.68,26154.57,26017.68,26099.09,550.93616
2023-08-19 01:00:00,26099.09,26100.0,26038.89,26078.45,510.19921
2023-08-19 01:30:00,26078.45,26078.45,26014.0,26016.01,529.44262
2023-08-19 02:00:00,26016.01,26066.6,26006.0,26054.49,494.54599
2023-08-19 02:30:00,26054.48,26066.0,26000.15,26002.01,475.73606
2023-08-19 03:00:00,26002.01,26002.01,25924.0,25964.01,628.68338
2023-08-19 03:30:00,25964.0,25975.12,25942.0,25967.51,289.0509
2023-08-19 04:00:00,25967.51,25972.0,25922.0,25961.42,292.87536
2023-08-19 04:30:00,25961.42,26009.18,25950.0,25988.76,478.99619
2023-08-19 05:00:00,25988.76,25994.67,25944.03,25949.14,351.39226
2023-08-19 05:30:00,25949.14,25950.0,25875.01,25884.49,740.62068
2023-08-19 06:00:00,25884.48,25913.3,25870.0,25909.99,445.42974
2023-08-19 06:30:00,25909.99,25929.02,25825.96,25836.28,647.51389
2023-08-19 07:00:00,25836.27,25854.38,25801.09,25830.8,766.21238
2023-08-19 07:30:00,25830.8,25920.0,25826.42,25917.99,731.71885
2023-08-19 08:00:00,25918.0,25999.01,25894.89,25980.01,978.87185
2023-08-19 08:30:00,25980.01,25982.76,25908.01,25932.97,450.05974
2023-08-19 09:00:00,25932.98,25932.98,25884.0,25914.0,560.36174
2023-08-19 09:30:00,25914.01,25965.99,25890.51,25945.99,536.54818
2023-08-19 10:00:00,25945.99,25959.7,25920.0,25942.72,393.30151
2023-08-19 10:30:00,25942.71,25948.86,25891.08,25908.82,455.96401
2023-08-19 11:00:00,25908.82,25919.89,25896.02,25913.79,350.92334
2023-08-19 11:30:00,25913.78,25943.75,25892.94,25900.08,297.92573
2023-08-19 12:00:00,25900.07,25915.89,25872.06,25880.0,445.91989
2023-08-19 12:30:00,25879.99,25926.0,25879.99,25914.37,462.2853
2023-08-19 13:00:00,25914.38,25981.53,25908.0,25966.0,575.02863
2023-08-19 13:30:00,25965.99,25971.26,25917.26,25925.24,403.18472
2023-08-19 14:00:00,25925.24,26051.36,25920.12,26028.6,990.35625
2023-08-19 14:30:00,26028.6,26042.0,25975.0,25975.0,596.5167
2023-08-19 15:00:00,25975.01,26097.41,25957.29,26061.52,1077.11216
2023-08-19 15:30:00,26061.53,26226.04,26027.8,26216.01,1555.96936
2023-08-19 16:00:00,26216.01,26217.36,26117.0,26158.02,1090.21934
2023-08-19 16:30:00,26158.02,26281.0,26117.75,26253.3,1116.69617
2023-08-19 17:00:00,26253.3,26253.31,26078.0,26085.85,966.25798
2023-08-19 17:30:00,26085.86,26106.61,26072.29,26086.9,402.34158
2023-08-19 18:00:00,26086.9,26090.0,26026.96,26086.99,592.75178
2023-08-19 18:30:00,26086.99,26138.0,26086.99,26126.44,380.16193
2023-08-19 19:00:00,26126.44,26130.32,26095.36,26113.02,266.03685
2023-08-19 19:30:00,26113.01,26159.84,26110.57,26125.62,289.78034
2023-08-19 20:00:00,26125.61,26156.0,26060.84,26087.07,812.81157
2023-08-19 20:30:00,26087.07,26108.26,26033.16,26056.78,443.2248
2023-08-19 21:00:00,26056.78,26096.51,26050.1,26073.45,259.77866
2023-08-19 21:30:00,26073.45,26088.35,26054.13,26084.96,182.5068
2023-08-19 22:00:00,26084.97,26087.64,26051.08,26085.79,196.64164
2023-08-19 22:30:00,26085.79,26089.34,26049.65,26054.0,169.99013
2023-08-19 23:00:00,26054.0,26124.21,26053.21,26114.92,213.34064
2023-08-19 23:30:00,26114.93,26124.99,26090.44,26100.01,194.66072
2023-08-20 00:00:00,26100.01,26134.78,26081.32,26126.42,238.10571
2023-08-20 00:30:00,26126.43,26188.09,26104.0,26181.68,342.19535
2023-08-20 01:00:00,26181.67,26207.88,26065.36,26096.74,461.68207
2023-08-20 01:30:00,26096.74,26096.75,26046.4,26072.45,396.34099
2023-08-20 02:00:00,26072.45,26082.63,26048.36,26071.91,195.51473
2023-08-20 02:30:00,26071.91,26107.81,26066.23,26094.0,283.35741
2023-08-20 03:00:00,26093.99,26136.45,26093.99,26130.92,313.6165
2023-08-20 03:30:00,26130.92,26143.04,26103.46,26105.24,430.85561
2023-08-20 04:00:00,26105.23,26125.91,26105.23,26115.22,407.42368
2023-08-20 04:30:00,26115.21,26131.21,26101.25,26121.47,442.85519
2023-08-20 05:00:00,26121.46,26160.16,26110.77,26147.12,623.25986
2023-08-20 05:30:00,26147.11,26147.12,26067.7,26092.0,269.9951
2023-08-20 06:00:00,26092.01,26092.01,26047.41,26076.34,437.11205
2023-08-20 06:30:00,26076.33,26087.25,26054.0,26063.99,245.15895
2023-08-20 07:00:00,26064.0,26090.17,26060.29,26076.0,218.17038
2023-08-20 07:30:00,26076.0,26092.0,26075.99,26088.44,271.33199
2023-08-20 08:00:00,26088.44,26088.44,26058.98,26074.51,259.76189
2023-08-20 08:30:00,26074.52,26112.0,26074.51,26112.0,237.07571
2023-08-20 09:00:00,26112.0,26121.82,26096.96,26108.0,506.29055
2023-08-20 09:30:00,26107.99,26144.89,26093.23,26144.0,277.88018
2023-08-20 10:00:00,26144.0,26157.61,26120.16,26136.1,464.29072
2023-08-20 10:30:00,26136.1,26153.76,26125.22,26148.05,310.47925
2023-08-20 11:00:00,26148.05,26198.72,26137.87,26145.84,528.61956
2023-08-20 11:30:00,26145.84,26187.53,26131.71,26176.7,452.21288
2023-08-20 12:00:00,26176.69,26186.12,26135.56,26140.38,301.97156
2023-08-20 12:30:00,26140.38,26197.62,26136.0,26183.72,294.22546
2023-08-20 13:00:00,26183.71,26217.52,26149.65,26172.0,353.57852
2023-08-20 13:30:00,26172.01,26206.22,26128.02,26135.9,531.06072
2023-08-20 14:00:00,26135.9,26149.43,26123.65,26139.09,462.52653
2023-08-20 14:30:00,26139.09,26139.09,26062.0,26062.87,629.324
2023-08-20 15:00:00,26062.86,26138.25,25971.05,26061.91,1437.26381
2023-08-20 15:30:00,26061.9,26106.83,26047.34,26106.83,417.29347
2023-08-20 16:00:00,26106.83,26123.99,26049.08,26089.77,379.29969
2023-08-20 16:30:00,26089.78,26093.84,26002.51,26053.01,354.72067
2023-08-20 17:00:00,26053.01,26085.78,26028.19,26085.78,267.60212
2023-08-20 17:30:00,26085.77,26162.34,26076.0,26124.18,502.10495
2023-08-20 18:00:00,26124.18,26147.11,26116.5,26144.01,308.42712
2023-08-20 18:30:00,26144.01,26150.0,26105.89,26113.81,293.968
2023-08-20 19:00:00,26113.82,26132.48,26109.0,26132.48,144.82681
2023-08-20 19:30:00,26132.47,26139.77,26108.97,26137.25,205.05402
2023-08-20 20:00:00,26137.25,26199.42,26137.25,26166.78,556.71486
2023-08-20 20:30:00,26166.79,26299.0,26156.01,26232.98,1117.05339
2023-08-20 21:00:00,26232.99,26243.48,26146.2,26201.58,454.46692
2023-08-20 21:30:00,26201.59,26203.22,26143.59,26176.86,235.93246
2023-08-20 22:00:00,26176.85,26216.05,26176.85,26209.27,263.63361
2023-08-20 22:30:00,26209.27,26225.19,26188.96,26209.46,181.26481
2023-08-20 23:00:00,26209.47,26209.47,26146.95,26177.29,594.09914
2023-08-20 23:30:00,26177.3,26190.0,26156.56,26189.99,156.91314
2023-08-21 00:00:00,26190.0,26195.12,26121.86,26121.86,383.22959
2023-08-21 00:30:00,26121.87,26155.54,26120.01,26142.0,252.51209
2023-08-21 01:00:00,26142.0,26168.0,26085.01,26156.01,617.64534
2023-08-21 01:30:00,26156.0,26156.01,26115.02,26146.14,356.62635
2023-08-21 02:00:00,26146.14,26161.23,26120.0,26120.01,219.98695
2023-08-21 02:30:00,26120.0,26122.0,26080.22,26097.38,425.4672
2023-08-21 03:00:00,26097.38,26111.76,26071.76,26107.1,341.72048
2023-08-21 03:30:00,26107.09,26108.68,26070.0,26090.66,417.86287
2023-08-21 04:00:00,26090.66,26090.67,26045.78,26060.77,427.43305
2023-08-21 04:30:00,26060.76,26067.32,26045.0,26059.02,249.22723
2023-08-21 05:00:00,26059.02,26137.92,26048.0,26137.91,372.56798
2023-08-21 05:30:00,26137.92,26189.04,26088.0,26104.54,948.9326
2023-08-21 06:00:00,26104.54,26120.0,26075.38,26103.0,298.89859
2023-08-21 06:30:00,26102.99,26103.0,26030.41,26032.0,519.34572
2023-08-21 07:00:00,26032.01,26051.49,26003.42,26004.75,679.56157
2023-08-21 07:30:00,26004.75,26042.74,26000.0,26023.34,595.2793
2023-08-21 08:00:00,26023.33,26069.62,25983.88,26069.62,585.65812
2023-08-21 08:30:00,26069.61,26070.0,26022.14,26059.99,403.34555
2023-08-21 09:00:00,26059.99,26088.32,26048.66,26064.0,494.15251
2023-08-21 09:30:00,26064.01,26064.01,26002.0,26028.0,573.57972
2023-08-21 10:00:00,26028.01,26028.01,25899.0,25972.16,1593.14547
2023-08-21 10:30:00,25972.15,25987.82,25880.2,25944.01,1055.38555
2023-08-21 11:00:00,25944.01,25965.83,25931.53,25957.99,661.25951
2023-08-21 11:30:00,25958.0,26044.27,25957.99,26031.6,437.29857
2023-08-21 12:00:00,26031.61,26085.15,26031.6,26050.07,581.65007
2023-08-21 12:30:00,26050.08,26055.33,25994.0,26004.0,712.27274
2023-08-21 13:00:00,26004.0,26031.25,25982.84,26014.98,668.11015
2023-08-21 13:30:00,26014.98,26144.09,26014.97,26129.7,772.46434
2023-08-21 14:00:00,26129.69,26198.89,26058.0,26062.0,1259.55206
2023-08-21 14:30:00,26062.01,26133.18,26058.32,26108.51,590.67818
2023-08-21 15:00:00,26108.52,26134.19,25812.0,25866.36,3556.16856
2023-08-21 15:30:00,25866.35,25987.5,25854.69,25939.59,1147.89167
2023-08-21 16:00:00,25939.59,26048.47,25937.6,26004.01,910.40289
2023-08-21 16:30:00,26004.01,26044.0,25975.63,26015.43,715.43176
2023-08-21 17:00:00,26015.42,26070.88,26002.08,26064.63,549.36569
2023-08-21 17:30:00,26064.64,26075.85,26030.11,26050.7,522.63679
2023-08-21 18:00:00,26050.7,26073.95,26031.11,26055.09,399.86563
2023-08-21 18:30:00,26055.09,26111.0,26026.5,26034.18,517.1387
2023-08-21 19:00:00,26034.18,26090.0,26034.17,26045.44,570.46996
2023-08-21 19:30:00,26045.44,26164.0,26045.43,26097.74,810.14476
2023-08-21 20:00:00,26097.73,26154.79,26091.2,26106.0,665.46605
2023-08-21 20:30:00,26106.01,26136.63,26091.43,26105.6,284.97725
2023-08-21 21:00:00,26105.6,26123.57,26082.25,26118.29,261.47407
2023-08-21 21:30:00,26118.3,26258.42,26118.29,26196.01,888.75805
2023-08-21 22:00:00,26196.01,26196.01,26146.21,26161.99,355.01633
2023-08-21 22:30:00,26161.99,26164.57,26132.0,26132.0,230.55736
2023-08-21 23:00:00,26132.0,26152.0,26118.91,26124.0,199.92254
2023-08-21 23:30:00,26124.0,26145.41,26114.69,26126.92,186.70482
2023-08-22 00:00:00,26126.92,26139.42,26094.14,26102.25,347.12321
2023-08-22 00:30:00,26102.25,26127.94,26100.1,26100.11,216.8841
2023-08-22 01:00:00,26100.1,26107.82,26056.33,26066.19,493.9744
2023-08-22 01:30:00,26066.18,26094.07,26050.0,26050.0,344.83061
2023-08-22 02:00:00,26050.0,26069.94,26044.03,26060.43,295.81081
2023-08-22 02:30:00,26060.44,26069.99,26046.93,26065.61,194.28346
2023-08-22 03:00:00,26065.62,26075.2,26030.0,26031.27,334.90492
2023-08-22 03:30:00,26031.28,26056.0,26025.54,26055.99,532.01829
2023-08-22 04:00:00,26056.0,26056.21,26028.02,26028.55,475.02143
2023-08-22 04:30:00,26028.56,26032.88,26003.66,26015.22,300.80864
2023-08-22 05:00:00,26015.23,26037.98,26000.0,26036.0,329.61611
2023-08-22 05:30:00,26036.01,26051.56,26020.81,26041.39,351.09202
2023-08-22 06:00:00,26041.39,26093.94,26027.24,26060.01,328.19313
2023-08-22 06:30:00,26060.01,26070.0,26030.0,26069.99,264.63059
2023-08-22 07:00:00,26069.99,26104.0,26062.0,26079.59,309.82835
2023-08-22 07:30:00,26079.59,26117.28,26074.6,26106.69,346.48713
2023-08-22 08:00:00,26106.69,26112.44,26088.0,26099.55,602.50686
2023-08-22 08:30:00,26099.54,26099.55,26052.0,26061.72,332.77036
2023-08-22 09:00:00,26061.73,26065.45,26040.43,26046.02,244.27302
2023-08-22 09:30:00,26046.01,26086.38,26034.25,26048.07,329.83701
2023-08-22 10:00:00,26048.06,26056.0,26034.13,26042.85,273.94364
2023-08-22 10:30:00,26042.84,26051.27,26030.0,26047.48,273.14558
2023-08-22 11:00:00,26047.48,26066.0,26032.36,26066.0,236.96411
2023-08-22 11:30:00,26066.0,26066.0,26027.22,26049.64,551.47213
2023-08-22 12:00:00,26049.63,26077.38,26047.37,26072.01,394.19281
2023-08-22 12:30:00,26072.02,26100.23,26044.94,26044.94,363.888
2023-08-22 13:00:00,26044.94,26057.95,26009.17,26020.02,434.72841
2023-08-22 13:30:00,26020.02,26059.0,25969.31,25998.93,1008.77874
2023-08-22 14:00:00,25998.94,26059.0,25945.66,26008.01,954.84998
2023-08-22 14:30:00,26008.01,26032.84,25958.61,25994.21,552.31704
2023-08-22 15:00:00,25994.2,26025.0,25968.11,26011.15,510.3908
2023-08-22 15:30:00,26011.15,26012.0,25914.03,25936.61,864.39274
2023-08-22 16:00:00,25936.62,25947.47,25823.0,25863.14,1851.73296
2023-08-22 16:30:00,25863.14,26054.73,25796.31,26020.01,2114.77942
2023-08-22 17:00:00,26020.01,26033.04,25868.09,25936.3,955.7212
2023-08-22 17:30:00,25936.31,25944.0,25726.29,25832.42,2320.55449
2023-08-22 18:00:00,25832.41,25871.18,25770.14,25846.0,745.62664
2023-08-22 18:30:00,25846.01,26008.64,25846.0,25905.6,1071.70106
2023-08-22 19:00:00,25905.6,25963.99,25868.58,25872.0,541.11907
2023-08-22 19:30:00,25871.99,25894.71,25773.96,25779.99,649.96808
2023-08-22 20:00:00,25780.0,25852.0,25779.99,25847.24,519.53627
2023-08-22 20:30:00,25847.24,25870.01,25802.34,25864.01,379.86541
2023-08-22 21:00:00,25864.0,25903.78,25300.0,25635.01,3884.02985
2023-08-22 21:30:00,25635.0,25722.2,25570.57,25669.29,1725.65731
2023-08-22 22:00:00,25669.3,25771.68,25643.46,25758.08,960.27554
2023-08-22 22:30:00,25758.08,25856.63,25738.0,25807.99,841.49392
2023-08-22 23:00:00,25808.0,26032.0,25784.69,25921.67,1479.30343
2023-08-22 23:30:00,25921.66,26070.04,25904.68,26056.0,811.7438
2023-08-23 00:00:00,26055.99,26187.99,26030.56,26088.67,1901.02761
2023-08-23 00:30:00,26088.57,26095.0,26040.38,26040.38,546.74465
2023-08-23 01:00:00,26040.38,26054.0,25994.12,26034.02,419.86765
2023-08-23 01:30:00,26034.01,26081.64,26024.0,26049.41,308.94495
2023-08-23 02:00:00,26049.41,26091.75,26033.0,26042.75,364.81705
2023-08-23 02:30:00,26042.74,26075.99,26034.07,26044.42,430.63706
2023-08-23 03:00:00,26044.41,26078.01,26011.46,26012.69,461.52589
2023-08-23 03:30:00,26012.68,26026.0,25990.15,26006.32,302.89352
2023-08-23 04:00:00,26006.32,26016.0,25976.72,26010.84,504.4117
2023-08-23 04:30:00,26010.84,26062.0,26009.09,26050.01,399.00595
2023-08-23 05:00:00,26050.02,26051.0,26021.14,26021.15,408.27684
2023-08-23 05:30:00,26021.15,26053.53,25991.1,26042.01,559.03379
2023-08-23 06:00:00,26042.0,26085.97,26042.0,26051.31,482.39517
2023-08-23 06:30:00,26051.31,26183.91,26038.31,26064.0,1445.57608
2023-08-23 07:00:00,26063.99,26132.47,26016.28,26106.61,721.66842
2023-08-23 07:30:00,26106.61,26106.61,26014.7,26057.13,546.0825
2023-08-23 08:00:00,26057.12,26096.0,26052.76,26068.0,387.75463
2023-08-23 08:30:00,26068.0,26068.0,26027.49,26037.99,256.22087
2023-08-23 09:00:00,26037.99,26045.9,26015.45,26037.55,351.13038
2023-08-23 09:30:00,26037.55,26057.81,26020.0,26042.01,433.97715
2023-08-23 10:00:00,26042.01,26042.01,25983.0,25984.06,510.10525
2023-08-23 10:30:00,25984.05,26018.0,25953.92,25965.99,466.67384
2023-08-23 11:00:00,25965.99,25966.84,25902.62,25920.0,854.66347
2023-08-23 11:30:00,25919.99,25952.92,25916.26,25939.49,435.21154
2023-08-23 12:00:00,25939.49,25962.0,25891.0,25918.0,556.17331
2023-08-23 12:30:00,25918.01,25921.0,25842.0,25844.01,727.26464
2023-08-23 13:00:00,25844.0,25872.78,25812.82,25866.01,634.44343
2023-08-23 13:30:00,25866.01,26038.88,25854.0,26018.22,1097.45959
2023-08-23 14:00:00,26018.22,26092.08,25924.84,26008.01,1133.81602
2023-08-23 14:30:00,26008.01,26136.0,25990.72,26041.99,1180.1526
2023-08-23 15:00:00,26041.98,26185.0,26027.04,26110.0,1329.28071
2023-08-23 15:30:00,26110.0,26182.62,26101.31,26144.0,1560.64326
2023-08-23 16:00:00,26143.99,26455.66,26127.24,26340.42,4391.81805
2023-08-23 16:30:00,26340.42,26480.97,26330.0,26396.0,1754.23222
2023-08-23 17:00:00,26396.01,26578.77,26372.0,26494.77,2035.22265
2023-08-23 17:30:00,26494.76,26605.0,26494.0,26539.34,1671.20373
2023-08-23 18:00:00,26539.35,26559.68,26476.24,26477.28,1229.08149
2023-08-23 18:30:00,26477.29,26503.22,26433.47,26462.97,743.28568
2023-08-23 19:00:00,26462.96,26530.0,26445.38,26528.27,487.00711
2023-08-23 19:30:00,26528.26,26819.27,26502.0,26632.0,3058.99126
2023-08-23 20:00:00,26632.01,26723.99,26538.71,26657.51,1704.34798
2023-08-23 20:30:00,26657.5,26660.0,26580.59,26593.59,574.32124
2023-08-23 21:00:00,26593.6,26623.01,26570.51,26571.0,403.68835
2023-08-23 21:30:00,26571.0,26573.48,26222.43,26320.02,1776.6546
2023-08-23 22:00:00,26320.01,26439.51,26300.01,26413.99,822.34704
2023-08-23 22:30:00,26413.98,26489.66,26409.42,26456.0,487.00203
2023-08-23 23:00:00,26455.99,26529.99,26430.58,26489.95,668.14617
2023-08-23 23:30:00,26489.95,26489.95,26406.12,26432.72,498.47066
2023-08-24 00:00:00,26432.71,26497.99,26426.0,26490.18,584.2618
2023-08-24 00:30:00,26490.17,26547.89,26478.0,26513.66,615.87777
2023-08-24 01:00:00,26513.66,26529.98,26410.0,26430.0,513.17042
2023-08-24 01:30:00,26430.01,26439.78,26348.0,26348.01,869.52958
2023-08-24 02:00:00,26348.0,26400.56,26345.76,26397.2,348.5525
2023-08-24 02:30:00,26397.2,26417.54,26372.54,26374.5,454.42451
2023-08-24 03:00:00,26374.49,26442.83,26374.49,26427.63,363.06926
2023-08-24 03:30:00,26427.63,26450.84,26425.0,26442.01,336.7369
2023-08-24 04:00:00,26442.01,26448.82,26413.72,26413.73,221.10754
2023-08-24 04:30:00,26413.72,26479.24,26413.72,26456.13,406.68151
2023-08-24 05:00:00,26456.14,26485.98,26434.26,26450.0,421.83521
2023-08-24 05:30:00,26450.0,26450.0,26408.9,26421.67,359.13769
2023-08-24 06:00:00,26421.67,26431.84,26384.0,26430.01,414.75222
2023-08-24 06:30:00,26430.0,26516.0,26430.0,26447.35,780.75111
2023-08-24 07:00:00,26447.35,26495.8,26431.93,26490.04,454.20243
2023-08-24 07:30:00,26490.03,26490.35,26462.48,26477.38,536.70534
2023-08-24 08:00:00,26477.39,26488.08,26426.77,26437.99,385.77683
2023-08-24 08:30:00,26437.98,26517.0,26425.03,26494.87,416.79093
2023-08-24 09:00:00,26494.88,26577.87,26470.01,26479.94,1045.66446
2023-08-24 09:30:00,26479.94,26493.74,26431.13,26440.75,410.66301
2023-08-24 10:00:00,26440.75,26470.26,26409.4,26462.16,467.40889
2023-08-24 10:30:00,26462.17,26478.0,26454.17,26475.98,249.55605
2023-08-24 11:00:00,26475.99,26534.54,26473.08,26513.98,413.4619
2023-08-24 11:30:00,26513.98,26541.64,26444.01,26444.02,551.6649
2023-08-24 12:00:00,26444.02,26444.02,26381.6,26430.0,641.09679
2023-08-24 12:30:00,26430.0,26433.78,26383.03,26390.08,475.67695
2023-08-24 13:00:00,26390.08,26425.01,26360.85,26372.0,489.95603
2023-08-24 13:30:00,26372.0,26377.09,26291.39,26356.52,1008.55624
2023-08-24 14:00:00,26356.52,26374.0,26201.19,26201.67,1243.29164
2023-08-24 14:30:00,26201.68,26215.66,26073.0,26116.05,2133.10247
2023-08-24 15:00:00,26116.06,26168.0,26048.45,26063.89,1478.88302
2023-08-24 15:30:00,26063.89,26127.09,25990.72,25996.34,1285.02271
2023-08-24 16:00:00,25996.35,26112.0,25994.0,26079.98,855.5448
2023-08-24 16:30:00,26079.98,26163.0,26050.0,26115.0,803.68875
2023-08-24 17:00:00,26114.99,26120.0,26044.0,26076.96,570.44187
2023-08-24 17:30:00,26076.96,26076.97,25864.0,26059.99,1899.87748
2023-08-24 18:00:00,26059.99,26074.22,25976.74,26034.77,815.73019
2023-08-24 18:30:00,26034.78,26045.0,25996.0,26021.25,391.67886
2023-08-24 19:00:00,26021.26,26135.65,26021.25,26128.01,532.93189
2023-08-24 19:30:00,26128.01,26137.99,26007.19,26039.44,568.49455
2023-08-24 20:00:00,26039.44,26106.6,26006.4,26056.0,501.09007
2023-08-24 20:30:00,26056.0,26067.96,25936.01,26031.99,825.13889
2023-08-24 21:00:00,26031.98,26079.28,26021.46,26062.5,379.96816
2023-08-24 21:30:00,26062.49,26095.85,26062.49,26095.0,246.15296
2023-08-24 22:00:00,26095.0,26119.31,26088.03,26119.02,305.19126
2023-08-24 22:30:00,26119.03,26132.71,26095.43,26119.71,250.14317
2023-08-24 23:00:00,26119.71,26119.71,26066.0,26109.66,247.23147
2023-08-24 23:30:00,26109.65,26207.15,26109.65,26180.05,634.54818
2023-08-25 00:00:00,26180.05,26187.34,26126.01,26146.65,422.18491
2023-08-25 00:30:00,26146.66,26159.92,26120.94,26138.63,211.81439
2023-08-25 01:00:00,26138.64,26152.83,26090.94,26121.79,387.6094
2023-08-25 01:30:00,26121.78,26148.76,26105.07,26148.76,279.85895
2023-08-25 02:00:00,26148.76,26177.41,26140.95,26177.4,206.08125
2023-08-25 02:30:00,26177.4,26178.92,26121.71,26130.96,287.79078
2023-08-25 03:00:00,26130.95,26141.82,26011.41,26058.01,655.24729
2023-08-25 03:30:00,26058.01,26106.0,26047.0,26106.0,326.48573
2023-08-25 04:00:00,26106.0,26111.11,26051.32,26051.32,280.72228
2023-08-25 04:30:00,26051.33,26062.53,26026.0,26026.08,342.5675
2023-08-25 05:00:00,26026.08,26057.75,26007.63,26057.74,290.13682
2023-08-25 05:30:00,26057.74,26079.14,26045.51,26059.99,241.05787
2023-08-25 06:00:00,26059.99,26060.0,26022.42,26038.0,354.23277
2023-08-25 06:30:00,26038.0,26044.0,25990.49,26015.37,675.22949
2023-08-25 07:00:00,26015.38,26064.99,26012.1,26055.01,449.32023
2023-08-25 07:30:00,26055.01,26057.99,25974.22,25980.5,802.69998
2023-08-25 08:00:00,25980.5,26106.96,25980.49,26106.0,551.60721
2023-08-25 08:30:00,26106.0,26108.0,26074.15,26093.51,416.73176
2023-08-25 09:00:00,26093.5,26115.0,26084.0,26114.22,413.91944
2023-08-25 09:30:00,26114.21,26128.75,26078.67,26079.98,492.08678
2023-08-25 10:00:00,26079.99,26111.88,26074.15,26096.01,324.34543
2023-08-25 10:30:00,26096.01,26111.59,26088.0,26088.01,251.22235
2023-08-25 11:00:00,26088.0,26108.0,26084.17,26106.0,234.41653
2023-08-25 11:30:00,26106.01,26110.7,26083.22,26096.4,240.45372
2023-08-25 12:00:00,26096.41,26145.0,26096.4,26110.96,389.13444
2023-08-25 12:30:00,26110.96,26119.85,26104.01,26108.69,170.98982
2023-08-25 13:00:00,26108.7,26198.11,26108.69,26170.68,794.19915
2023-08-25 13:30:00,26170.69,26237.92,26060.01,26068.33,1113.69336
2023-08-25 14:00:00,26068.33,26314.05,26013.58,26070.91,3195.19922
2023-08-25 14:30:00,26070.9,26084.99,25777.15,25833.58,2738.0597
2023-08-25 15:00:00,25833.59,26056.33,25812.0,26002.43,1944.53546
2023-08-25 15:30:00,26002.43,26018.31,25894.69,25932.01,1034.20518
2023-08-25 16:00:00,25932.01,26030.0,25920.22,26030.0,695.22959
2023-08-25 16:30:00,26030.0,26030.9,25902.15,25935.33,667.56835
2023-08-25 17:00:00,25935.34,25983.65,25903.47,25918.0,748.68131
2023-08-25 17:30:00,25918.0,25919.33,25832.25,25890.0,788.45113
2023-08-25 18:00:00,25889.99,25976.0,25872.24,25974.05,562.36981
2023-08-25 18:30:00,25974.06,26066.62,25965.0,26052.01,609.44664
2023-08-25 19:00:00,26052.01,26061.6,26017.02,26025.0,362.78787
2023-08-25 19:30:00,26025.01,26029.98,25950.0,25972.36,488.93732
2023-08-25 20:00:00,25972.37,26031.99,25957.4,26015.0,329.49051
2023-08-25 20:30:00,26014.99,26082.0,25996.87,26060.84,433.11012
2023-08-25 21:00:00,26060.84,26065.21,26032.0,26032.52,360.48174
2023-08-25 21:30:00,26032.53,26083.74,26030.0,26081.86,273.44907
2023-08-25 22:00:00,26081.87,26085.2,26045.69,26045.69,287.80228
2023-08-25 22:30:00,26045.7,26070.0,26038.01,26053.98,243.24259
2023-08-25 23:00:00,26053.98,26054.57,26034.81,26035.98,171.18358
2023-08-25 23:30:00,26035.99,26063.47,26035.98,26060.01,213.26662
2023-08-26 00:00:00,26060.0,26085.0,26048.77,26084.99,182.86424
2023-08-26 00:30:00,26084.99,26097.1,26027.2,26040.27,163.12998
2023-08-26 01:00:00,26040.26,26077.1,26034.09,26065.47,162.96794
2023-08-26 01:30:00,26065.46,26065.47,26043.51,26046.0,103.46426
2023-08-26 02:00:00,26046.01,26125.77,26046.0,26058.57,250.90567
2023-08-26 02:30:00,26058.58,26079.6,26054.88,26076.01,272.69182
2023-08-26 03:00:00,26076.01,26094.24,26064.24,26094.23,178.98301
2023-08-26 03:30:00,26094.24,26100.0,26065.55,26087.15,269.31305
2023-08-26 04:00:00,26087.16,26088.0,26064.43,26071.18,337.13484
2023-08-26 04:30:00,26071.19,26076.0,26065.67,26076.0,134.33483
2023-08-26 05:00:00,26076.0,26076.67,26058.0,26059.99,160.11767
2023-08-26 05:30:00,26059.99,26062.01,26052.78,26062.0,104.34941
2023-08-26 06:00:00,26062.01,26063.41,26050.63,26059.0,318.85362
2023-08-26 06:30:00,26059.01,26079.88,26057.5,26079.88,307.89377
2023-08-26 07:00:00,26079.88,26083.89,26066.34,26067.04,343.31826
2023-08-26 07:30:00,26067.03,26068.0,26048.0,26050.81,482.92221
2023-08-26 08:00:00,26050.82,26060.0,26044.02,26057.04,166.8229
2023-08-26 08:30:00,26057.04,26057.05,26001.83,26041.9,410.82044
2023-08-26 09:00:00,26041.9,26043.24,26013.64,26013.65,159.79292
2023-08-26 09:30:00,26013.65,26024.0,26007.03,26015.41,147.11468
2023-08-26 10:00:00,26015.41,26031.77,26013.44,26031.76,160.92544
2023-08-26 10:30:00,26031.77,26035.15,26028.71,26035.15,114.00491
2023-08-26 11:00:00,26035.15,26049.0,26035.14,26042.99,152.5224
2023-08-26 11:30:00,26042.98,26054.8,26042.98,26045.87,233.41004
2023-08-26 12:00:00,26045.86,26046.88,26008.78,26011.32,260.97105
2023-08-26 12:30:00,26011.32,26029.37,25985.92,26029.37,240.75775
2023-08-26 13:00:00,26029.36,26034.74,26029.36,26030.37,84.20382
2023-08-26 13:30:00,26030.38,26044.2,26030.37,26044.19,187.77489
2023-08-26 14:00:00,26044.19,26050.0,26030.75,26030.75,181.58731
2023-08-26 14:30:00,26030.75,26073.01,26030.75,26068.01,236.27492
2023-08-26 15:00:00,26068.01,26078.0,26051.17,26051.4,212.19349
2023-08-26 15:30:00,26051.4,26065.09,26050.01,26054.0,286.09422
2023-08-26 16:00:00,26054.0,26060.0,26035.5,26044.06,240.59831
2023-08-26 16:30:00,26044.05,26044.57,26013.59,26041.93,383.64775
2023-08-26 17:00:00,26041.92,26041.93,26004.77,26009.81,292.41534
2023-08-26 17:30:00,26009.82,26035.36,26009.81,26035.04,189.0526
2023-08-26 18:00:00,26035.05,26035.05,26013.96,26017.77,129.34984
2023-08-26 18:30:00,26017.76,26020.0,26006.0,26019.99,126.34751
2023-08-26 19:00:00,26020.0,26027.99,26019.25,26019.26,151.75485
2023-08-26 19:30:00,26019.26,26039.49,26019.25,26034.21,112.27044
2023-08-26 20:00:00,26034.22,26043.99,26028.81,26042.32,146.14564
2023-08-26 20:30:00,26042.31,26042.32,26026.0,26032.37,106.85517
2023-08-26 21:00:00,26032.38,26047.62,26017.73,26047.62,161.63215
2023-08-26 21:30:00,26047.61,26047.62,26037.72,26042.02,169.02493
2023-08-26 22:00:00,26042.02,26047.16,26033.55,26033.55,151.37102
2023-08-26 22:30:00,26033.56,26044.01,26030.2,26030.2,118.10922
2023-08-26 23:00:00,26030.2,26031.15,25988.2,26018.23,336.9902
2023-08-26 23:30:00,26018.23,26029.5,26009.16,26017.37,198.14249
2023-08-27 00:00:00,26017.38,26027.23,26007.37,26027.23,144.88599
2023-08-27 00:30:00,26027.23,26030.55,26000.0,26000.01,133.77802
2023-08-27 01:00:00,26000.0,26011.72,25983.05,26001.29,264.14659
2023-08-27 01:30:00,26001.29,26001.29,25966.11,25997.74,525.91879
2023-08-27 02:00:00,25997.74,26020.07,25994.96,26005.09,314.74682
2023-08-27 02:30:00,26005.09,26008.11,26000.0,26000.06,120.53362
2023-08-27 03:00:00,26000.05,26018.53,26000.05,26016.83,219.53232
2023-08-27 03:30:00,26016.84,26022.88,26016.77,26021.96,233.60888
2023-08-27 04:00:00,26021.96,26030.43,26021.96,26030.43,88.25692
2023-08-27 04:30:00,26030.42,26038.27,26026.76,26037.81,135.63988
2023-08-27 05:00:00,26037.82,26044.98,26035.18,26035.18,173.95251
2023-08-27 05:30:00,26035.19,26035.19,26029.88,26033.52,161.45113
2023-08-27 06:00:00,26033.52,26050.0,26033.52,26039.98,249.33159
2023-08-27 06:30:00,26039.98,26045.98,26024.46,26045.97,207.68881
2023-08-27 07:00:00,26045.98,26050.76,26045.97,26048.01,160.32319
2023-08-27 07:30:00,26048.02,26055.54,26043.61,26043.61,359.41346
2023-08-27 08:00:00,26043.61,26053.81,26033.78,26050.02,287.47878
2023-08-27 08:30:00,26050.03,26068.33,26048.26,26063.09,388.30287
2023-08-27 09:00:00,26063.1,26069.96,26050.73,26060.43,346.21921
2023-08-27 09:30:00,26060.43,26078.13,26053.14,26078.13,298.27418
2023-08-27 10:00:00,26078.12,26087.27,26076.83,26087.26,371.18017
2023-08-27 10:30:00,26087.27,26095.6,26082.77,26082.77,328.82732
2023-08-27 11:00:00,26082.78,26082.78,26060.99,26070.86,199.16788
2023-08-27 11:30:00,26070.87,26070.87,26057.25,26060.44,146.50171
2023-08-27 12:00:00,26060.44,26065.8,26052.8,26058.6,179.73713
2023-08-27 12:30:00,26058.61,26071.91,26058.6,26071.66,112.45408
2023-08-27 13:00:00,26071.67,26084.9,26071.66,26084.9,157.5543
2023-08-27 13:30:00,26084.89,26090.26,26066.56,26079.99,143.6947
2023-08-27 14:00:00,26079.99,26172.2,26079.98,26140.91,690.76461
2023-08-27 14:30:00,26140.91,26182.23,26132.7,26145.28,528.6776
2023-08-27 15:00:00,26145.27,26167.52,26133.74,26158.96,366.42988
2023-08-27 15:30:00,26158.95,26164.06,26115.77,26122.15,398.16542
2023-08-27 16:00:00,26122.14,26157.16,26122.14,26157.16,449.72572
2023-08-27 16:30:00,26157.16,26166.09,26139.51,26166.08,333.09917
2023-08-27 17:00:00,26166.08,26179.0,26136.88,26137.0,312.84364
2023-08-27 17:30:00,26137.01,26139.91,26044.3,26065.08,380.833
2023-08-27 18:00:00,26065.08,26094.49,26037.27,26082.77,315.25716
2023-08-27 18:30:00,26082.76,26111.95,26073.0,26104.12,220.83098
2023-08-27 19:00:00,26104.13,26164.29,26096.3,26129.31,321.53576
2023-08-27 19:30:00,26129.32,26154.08,26103.81,26125.49,195.94161
2023-08-27 20:00:00,26125.48,26128.1,26094.09,26099.82,138.04565
2023-08-27 20:30:00,26099.81,26107.64,26082.72,26091.49,127.76886
2023-08-27 21:00:00,26091.5,26121.86,26088.41,26117.69,150.49483
2023-08-27 21:30:00,26117.68,26133.71,26040.17,26067.86,175.63898
2023-08-27 22:00:00,26067.87,26075.89,26045.35,26065.01,170.21977
2023-08-27 22:30:00,26065.02,26090.28,26051.12,26089.29,145.59262
2023-08-27 23:00:00,26089.29,26109.0,26083.86,26090.38,131.69301
2023-08-27 23:30:00,26090.38,26102.18,26085.0,26101.77,93.48304
2023-08-28 00:00:00,26101.78,26105.0,26045.0,26049.96,417.04088
2023-08-28 00:30:00,26049.96,26049.97,25986.41,26023.51,810.40622
2023-08-28 01:00:00,26023.51,26052.58,25993.58,26051.07,338.10988
2023-08-28 01:30:00,26051.07,26063.39,26010.05,26028.01,519.40916
2023-08-28 02:00:00,26028.02,26052.82,26020.5,26029.39,159.56918
